Workbook

Sheet How to use
A1: DSA Placement Tracker: 10 weeks, 180 problems
A3: What this is | B3: A learning-order list of 180 LeetCode-style problems (162 core + a few stretch ones, plus 18 mixed timed problems in week 10). Each day has 3 problems on one pattern. Use it with the morning lesson: learn the pattern in the morning, solve the problems in the evening.
A4: Where to start | B4: Day 1 is on the 'Problem Tracker' tab. Set your start date on the 'Progress' tab (yellow cell) and every row gets its target date.
A5: Daily routine | B5: 1) Read the problem and restate it. 2) Write 2-3 examples including a tricky one. 3) Solve by hand. 4) Write the steps in plain English. 5) Code in C++. 6) Dry run on paper. 7) Submit. Spend 20-30 minutes before asking for a hint.
A6: Time limits (beginner) | B6: Easy: 20-30 min before hint. Medium: 40-45 min. Hard / Stretch: skip until weeks 9-10 if time is short.
A7: Status column | B7: Not started / Attempted / Solved / Needs revisit. Mark 'Needs revisit' if you needed a hint or got it wrong; redo it 3-4 days later without looking.
A8: Hint needed? | B8: Fill Yes or No. The Progress tab counts problems solved without a hint, which is the real measure.
A9: Core vs Stretch | B9: Core problems come first. Stretch problems are harder; do them only after the core ones of that week.
A10: Colour code | B10: Yellow cell = input you should edit. Blue text = values you type. Black = formulas. Difficulty colours: green Easy, orange Medium, red Hard.
A11: Example of a filled row | B11: Status: Solved | Date solved: 31-Oct-2026 | Minutes: 25 | Hint needed?: No | Notes: 'one pass, keep two variables'.
A12: Error Log tab | B12: After every wrong or hinted problem, write what you tried, why it failed, the fix and the clue that should have told you the pattern.
A13: Weekly Mocks tab | B13: Day 7 of each week is a timed mock (60-90 min). Log the result there.
A14: Source and caveats | B14: Problems are a selection from well-known interview lists. The 'Also in Curious Freaks sheet' column links to that public sheet's own problem when its link is a matching LeetCode URL. Problem numbers, difficulty labels and links were entered from memory: if a link is wrong or a label differs, trust LeetCode. A few problems may change difficulty labels over time.
A15: Honest note | B15: 10 weeks is tight. This plan aims for placement readiness (easy to medium problems), not mastery. Do not skip the weekly mocks or the revisits.

Sheet Problem Tracker
A1: # | B1: Week | C1: Day | D1: Pattern | E1: Problem | F1: LeetCode # | G1: Difficulty | H1: Level | I1: LeetCode link | J1: Also in Curious Freaks sheet | K1: Target date | L1: Status | M1: Date solved | N1: Minutes taken | O1: Hint needed? | P1: Revisit on | Q1: Notes / clue that revealed the pattern
A2: 1 | B2: 1 | C2: 1 | D2: Tracking biggest / smallest | E2: Find the largest and smallest element in an array | F2: - | G2: Easy | H2: Core | I2: Practise on GFG | J2: Open | K2: =Progress!$B$3+(B2-1)*7+(C2-1) -> 46326 | L2: Not started
A3: 2 | B3: 1 | C3: 1 | D3: Tracking biggest / smallest | E3: Find the second largest and second smallest element | F3: - | G3: Easy | H3: Core | I3: Practise on GFG | J3: Open | K3: =Progress!$B$3+(B3-1)*7+(C3-1) -> 46326 | L3: Not started
A4: 3 | B4: 1 | C4: 1 | D4: Tracking biggest / smallest | E4: Third Maximum Number | F4: 414 | G4: Easy | H4: Core | I4: Open | J4: - | K4: =Progress!$B$3+(B4-1)*7+(C4-1) -> 46326 | L4: Not started
A5: 4 | B5: 1 | C5: 2 | D5: Array operations | E5: Check if Array Is Sorted and Rotated | F5: 1752 | G5: Easy | H5: Core | I5: Open | J5: - | K5: =Progress!$B$3+(B5-1)*7+(C5-1) -> 46327 | L5: Not started
A6: 5 | B6: 1 | C6: 2 | D6: Array operations | E6: Reverse String | F6: 344 | G6: Easy | H6: Core | I6: Open | J6: - | K6: =Progress!$B$3+(B6-1)*7+(C6-1) -> 46327 | L6: Not started
A7: 6 | B7: 1 | C7: 2 | D7: Array operations | E7: Move Zeroes | F7: 283 | G7: Easy | H7: Core | I7: Open | J7: - | K7: =Progress!$B$3+(B7-1)*7+(C7-1) -> 46327 | L7: Not started
A8: 7 | B8: 1 | C8: 3 | D8: Array practice | E8: Rotate Array | F8: 189 | G8: Medium | H8: Core | I8: Open | J8: - | K8: =Progress!$B$3+(B8-1)*7+(C8-1) -> 46328 | L8: Not started
A9: 8 | B9: 1 | C9: 3 | D9: Array practice | E9: Running Sum of 1d Array | F9: 1480 | G9: Easy | H9: Core | I9: Open | J9: - | K9: =Progress!$B$3+(B9-1)*7+(C9-1) -> 46328 | L9: Not started
A10: 9 | B10: 1 | C10: 3 | D10: Array practice | E10: Richest Customer Wealth | F10: 1672 | G10: Easy | H10: Core | I10: Open | J10: - | K10: =Progress!$B$3+(B10-1)*7+(C10-1) -> 46328 | L10: Not started
A11: 10 | B11: 1 | C11: 4 | D11: Strings | E11: Valid Palindrome | F11: 125 | G11: Easy | H11: Core | I11: Open | J11: - | K11: =Progress!$B$3+(B11-1)*7+(C11-1) -> 46329 | L11: Not started
A12: 11 | B12: 1 | C12: 4 | D12: Strings | E12: Longest Common Prefix | F12: 14 | G12: Easy | H12: Core | I12: Open | J12: Open | K12: =Progress!$B$3+(B12-1)*7+(C12-1) -> 46329 | L12: Not started
A13: 12 | B13: 1 | C13: 4 | D13: Strings | E13: Merge Strings Alternately | F13: 1768 | G13: Easy | H13: Core | I13: Open | J13: - | K13: =Progress!$B$3+(B13-1)*7+(C13-1) -> 46329 | L13: Not started
A14: 13 | B14: 1 | C14: 5 | D14: Frequency counting | E14: Valid Anagram | F14: 242 | G14: Easy | H14: Core | I14: Open | J14: - | K14: =Progress!$B$3+(B14-1)*7+(C14-1) -> 46330 | L14: Not started
A15: 14 | B15: 1 | C15: 5 | D15: Frequency counting | E15: First Unique Character in a String | F15: 387 | G15: Easy | H15: Core | I15: Open | J15: - | K15: =Progress!$B$3+(B15-1)*7+(C15-1) -> 46330 | L15: Not started
... A181: 180 | B181: 10 | C181: 6 | D181: Mixed (timed): backtracking and DP | E181: Word Break | F181: 139 | G181: Medium | H181: Core | I181: Open | J181: - | K181: =Progress!$B$3+(B181-1)*7+(C181-1) -> 46394 | L181: Not started

Sheet Weekly Plan
A1: Weekly plan
A3: Week | B3: Focus | C3: Day-by-day
A4: 1 | B4: Foundations: arrays, strings, counting | C4: D1: Tracking biggest / smallest | D2: Array operations | D3: Array practice | D4: Strings | D5: Frequency counting | D6: Counting and prefix idea | D7: weekly mock + revisits
A5: 2 | B5: Hashing, Kadane, in-place arrays | C5: D1: Hash set / hash map basics | D2: Hash map matching | D3: Hashing: grouping and counting | D4: Kadane and prefix sums | D5: Arrays in place | D6: Sorting and de-duplication | D7: weekly mock + revisits
A6: 3 | B6: Two pointers and sliding window | C6: D1: Two pointers (converging) | D2: Two pointers (more) | D3: Sliding window (fixed size) | D4: Sliding window (variable size) | D5: Sliding window (more) | D6: Mixed: pointers and window | D7: weekly mock + revisits
A7: 4 | B7: Binary search, stack, queue | C7: D1: Binary search basics | D2: Binary search (variations) | D3: Binary search (answer space) | D4: Stack | D5: Monotonic stack | D6: Queue | D7: weekly mock + revisits
A8: 5 | B8: Linked list and recursion | C8: D1: Linked list basics | D2: Linked list: pointers | D3: Linked list: two pointers | D4: Linked list: practice | D5: Recursion basics | D6: Recursion bridge | D7: weekly mock + revisits
A9: 6 | B9: Trees and backtracking | C9: D1: Tree traversals | D2: Tree recursion | D3: Tree recursion (more) | D4: BFS on trees | D5: Backtracking | D6: Backtracking (more) | D7: weekly mock + revisits
A10: 7 | B10: BST and heaps | C10: D1: Binary search trees | D2: Trees: ancestors | D3: Trees: construction and checks | D4: Heaps | D5: Heaps: top K | D6: Heaps: practice | D7: weekly mock + revisits
A11: 8 | B11: Graphs (BFS, DFS, topological sort, Union-Find) | C11: D1: Graphs: grid DFS/BFS | D2: Graphs: grid (more) | D3: Graphs: connectivity | D4: Graphs: ordering and colouring | D5: Graphs: shortest paths | D6: Graphs: Union-Find and multi-source | D7: weekly mock + revisits
A12: 9 | B12: Greedy, intervals, dynamic programming | C12: D1: Greedy | D2: Greedy (more) | D3: Intervals | D4: Dynamic programming (1D) | D5: Dynamic programming (more) | D6: Dynamic programming (2D / subsets) | D7: weekly mock + revisits
A13: 10 | B13: Mixed timed practice, mocks, company-style tests, CS fundamentals, resume | C13: D1: Mixed (timed): matrices | D2: Mixed (timed): arrays | D3: Mixed (timed): strings and DP | D4: Mixed (timed): maths and binary search | D5: Mixed (timed): trees | D6: Mixed (timed): backtracking and DP | D7: weekly mock + revisits
A15: Week 10 should also include aptitude practice, OOP / DBMS / OS basics and resume work for your placement tests.

Sheet Progress
A1: Progress
A3: Start date (edit) | B3: 46326 | C3: Day 1 of the plan
A4: Placement week starts (edit) | B4: 46398 | C4: Check the real date with your placement cell
A5: Days left | B5: =MAX(0,B4-TODAY()) -> 73
A7: Overall
A8: Total problems | B8: =COUNTA('Problem Tracker'!E2:E181) -> 180
A9: Solved | B9: =COUNTIF('Problem Tracker'!L2:L181,"Solved") -> 0
A10: % solved | B10: =IFERROR(B9/B8,0) -> 0
A11: Solved without a hint | B11: =COUNTIFS('Problem Tracker'!L2:L181,"Solved",'Problem Tracker'!O2:O181,"No") -> 0
A12: Needs revisit | B12: =COUNTIF('Problem Tracker'!L2:L181,"Needs revisit") -> 0
A13: Average minutes per solved | B13: =IFERROR(AVERAGEIFS('Problem Tracker'!N2:N181,'Problem Tracker'!L2:L181,"Solved"),0) -> 0
A15: By week
A16: Week | B16: Total | C16: Solved | D16: Needs revisit | E16: % solved
A17: 1 | B17: =COUNTIF('Problem Tracker'!B2:B181,A17) -> 18 | C17: =COUNTIFS('Problem Tracker'!B2:B181,A17,'Problem Tracker'!L2:L181,"Solved") -> 0 | D17: =COUNTIFS('Problem Tracker'!B2:B181,A17,'Problem Tracker'!L2:L181,"Needs revisit") -> 0 | E17: =IFERROR(C17/B17,0) -> 0
A18: 2 | B18: =COUNTIF('Problem Tracker'!B2:B181,A18) -> 18 | C18: =COUNTIFS('Problem Tracker'!B2:B181,A18,'Problem Tracker'!L2:L181,"Solved") -> 0 | D18: =COUNTIFS('Problem Tracker'!B2:B181,A18,'Problem Tracker'!L2:L181,"Needs revisit") -> 0 | E18: =IFERROR(C18/B18,0) -> 0
A19: 3 | B19: =COUNTIF('Problem Tracker'!B2:B181,A19) -> 18 | C19: =COUNTIFS('Problem Tracker'!B2:B181,A19,'Problem Tracker'!L2:L181,"Solved") -> 0 | D19: =COUNTIFS('Problem Tracker'!B2:B181,A19,'Problem Tracker'!L2:L181,"Needs revisit") -> 0 | E19: =IFERROR(C19/B19,0) -> 0
A20: 4 | B20: =COUNTIF('Problem Tracker'!B2:B181,A20) -> 18 | C20: =COUNTIFS('Problem Tracker'!B2:B181,A20,'Problem Tracker'!L2:L181,"Solved") -> 0 | D20: =COUNTIFS('Problem Tracker'!B2:B181,A20,'Problem Tracker'!L2:L181,"Needs revisit") -> 0 | E20: =IFERROR(C20/B20,0) -> 0
A21: 5 | B21: =COUNTIF('Problem Tracker'!B2:B181,A21) -> 18 | C21: =COUNTIFS('Problem Tracker'!B2:B181,A21,'Problem Tracker'!L2:L181,"Solved") -> 0 | D21: =COUNTIFS('Problem Tracker'!B2:B181,A21,'Problem Tracker'!L2:L181,"Needs revisit") -> 0 | E21: =IFERROR(C21/B21,0) -> 0
A22: 6 | B22: =COUNTIF('Problem Tracker'!B2:B181,A22) -> 18 | C22: =COUNTIFS('Problem Tracker'!B2:B181,A22,'Problem Tracker'!L2:L181,"Solved") -> 0 | D22: =COUNTIFS('Problem Tracker'!B2:B181,A22,'Problem Tracker'!L2:L181,"Needs revisit") -> 0 | E22: =IFERROR(C22/B22,0) -> 0
A23: 7 | B23: =COUNTIF('Problem Tracker'!B2:B181,A23) -> 18 | C23: =COUNTIFS('Problem Tracker'!B2:B181,A23,'Problem Tracker'!L2:L181,"Solved") -> 0 | D23: =COUNTIFS('Problem Tracker'!B2:B181,A23,'Problem Tracker'!L2:L181,"Needs revisit") -> 0 | E23: =IFERROR(C23/B23,0) -> 0
A24: 8 | B24: =COUNTIF('Problem Tracker'!B2:B181,A24) -> 18 | C24: =COUNTIFS('Problem Tracker'!B2:B181,A24,'Problem Tracker'!L2:L181,"Solved") -> 0 | D24: =COUNTIFS('Problem Tracker'!B2:B181,A24,'Problem Tracker'!L2:L181,"Needs revisit") -> 0 | E24: =IFERROR(C24/B24,0) -> 0
A25: 9 | B25: =COUNTIF('Problem Tracker'!B2:B181,A25) -> 18 | C25: =COUNTIFS('Problem Tracker'!B2:B181,A25,'Problem Tracker'!L2:L181,"Solved") -> 0 | D25: =COUNTIFS('Problem Tracker'!B2:B181,A25,'Problem Tracker'!L2:L181,"Needs revisit") -> 0 | E25: =IFERROR(C25/B25,0) -> 0
A26: 10 | B26: =COUNTIF('Problem Tracker'!B2:B181,A26) -> 18 | C26: =COUNTIFS('Problem Tracker'!B2:B181,A26,'Problem Tracker'!L2:L181,"Solved") -> 0 | D26: =COUNTIFS('Problem Tracker'!B2:B181,A26,'Problem Tracker'!L2:L181,"Needs revisit") -> 0 | E26: =IFERROR(C26/B26,0) -> 0
A28: By difficulty
A29: Difficulty | B29: Total | C29: Solved | D29: % solved
A30: Easy | B30: =COUNTIF('Problem Tracker'!G2:G181,A30) -> 74 | C30: =COUNTIFS('Problem Tracker'!G2:G181,A30,'Problem Tracker'!L2:L181,"Solved") -> 0 | D30: =IFERROR(C30/B30,0) -> 0
A31: Medium | B31: =COUNTIF('Problem Tracker'!G2:G181,A31) -> 102 | C31: =COUNTIFS('Problem Tracker'!G2:G181,A31,'Problem Tracker'!L2:L181,"Solved") -> 0 | D31: =IFERROR(C31/B31,0) -> 0
A32: Hard | B32: =COUNTIF('Problem Tracker'!G2:G181,A32) -> 4 | C32: =COUNTIFS('Problem Tracker'!G2:G181,A32,'Problem Tracker'!L2:L181,"Solved") -> 0 | D32: =IFERROR(C32/B32,0) -> 0
A34: Core vs Stretch
A35: Level | B35: Total | C35: Solved | D35: % solved
A36: Core | B36: =COUNTIF('Problem Tracker'!H2:H181,A36) -> 173 | C36: =COUNTIFS('Problem Tracker'!H2:H181,A36,'Problem Tracker'!L2:L181,"Solved") -> 0 | D36: =IFERROR(C36/B36,0) -> 0
A37: Stretch | B37: =COUNTIF('Problem Tracker'!H2:H181,A37) -> 7 | C37: =COUNTIFS('Problem Tracker'!H2:H181,A37,'Problem Tracker'!L2:L181,"Solved") -> 0 | D37: =IFERROR(C37/B37,0) -> 0

Sheet Error Log
A1: Date | B1: Problem | C1: Pattern | D1: What I tried | E1: Why it failed | F1: Correct idea / fix | G1: Clue to spot it next time | H1: Redo on | I1: Redone OK? | K1: Row 2 is an example. Overwrite or delete it.
A2: 46326 | B2: EXAMPLE: Find the second largest element | C2: Tracking biggest / smallest | D2: Sorted the array and took the second element | E2: Failed on [5, 5, 3]: it returned 5 | F2: Track two variables; update only when strictly bigger / smaller | G2: Needed the 2nd best in one pass; duplicates are a trap | H2: 46330 | I2: No

Sheet Weekly Mocks
A1: Week | B1: Date | C1: Source (e.g. LeetCode, HackerRank, company practice test) | D1: Time limit (min) | E1: Problems attempted | F1: Problems solved | G1: Score (%) | H1: What went wrong | I1: Fix for next week | K1: Row 2 is an example. Overwrite or delete it.
A2: 1 | B2: 46332 | C2: EXAMPLE: 4 Easy problems from week 1 | D2: 60 | E2: 4 | F2: 3 | G2: =IFERROR(F2/E2,0) -> 0.75 | H2: Ran out of time on the last one; did not dry run | I2: Dry run before submitting; set a 15-minute alarm per problem
G3: =IFERROR(F3/E3,0) -> 0
G4: =IFERROR(F4/E4,0) -> 0
G5: =IFERROR(F5/E5,0) -> 0
G6: =IFERROR(F6/E6,0) -> 0
G7: =IFERROR(F7/E7,0) -> 0
G8: =IFERROR(F8/E8,0) -> 0
G9: =IFERROR(F9/E9,0) -> 0
G10: =IFERROR(F10/E10,0) -> 0
G11: =IFERROR(F11/E11,0) -> 0
G12: =IFERROR(F12/E12,0) -> 0
G13: =IFERROR(F13/E13,0) -> 0
G14: =IFERROR(F14/E14,0) -> 0
... G22: =IFERROR(F22/E22,0) -> 0
